<?xml version="1.0" encoding="UTF-8"?>
<project-private xmlns="http://www.netbeans.org/ns/project-private/1">
    <editor-bookmarks xmlns="http://www.netbeans.org/ns/editor-bookmarks/2" lastBookmarkId="0"/>
    <open-files xmlns="http://www.netbeans.org/ns/projectui-open-files/2">
        <group name="CSD">
            <file>file:/Users/dthien18112003/Downloads/source_CSD/PE%20CSD%20SU22/Q1/src/MyList.java</file>
            <file>file:/Users/dthien18112003/Downloads/source_CSD/PE%20CSD%20SU22/Q1/src/Main.java</file>
        </group>
    </open-files>
</project-private>
