<?xml version="1.0" encoding="UTF-8"?>
<project-private xmlns="http://www.netbeans.org/ns/project-private/1">
    <editor-bookmarks xmlns="http://www.netbeans.org/ns/editor-bookmarks/2" lastBookmarkId="0"/>
    <open-files xmlns="http://www.netbeans.org/ns/projectui-open-files/2">
        <group>
            <file>file:/D:/1.SEMESTER3/CSD201/CSD201_TrialTest/PaperNo_1/Q1/src/MyStore.java</file>
            <file>file:/D:/1.SEMESTER3/CSD201/CSD201_TrialTest/PaperNo_1/Q1/src/Node.java</file>
            <file>file:/D:/1.SEMESTER3/CSD201/CSD201_TrialTest/PaperNo_1/Q1/src/Fruit.java</file>
        </group>
    </open-files>
</project-private>
