<?xml version="1.0" encoding="UTF-8"?>
<project-private xmlns="http://www.netbeans.org/ns/project-private/1">
    <editor-bookmarks xmlns="http://www.netbeans.org/ns/editor-bookmarks/2" lastBookmarkId="0"/>
    <open-files xmlns="http://www.netbeans.org/ns/projectui-open-files/2">
        <group>
            <file>file:/Users/hoadoan/Desktop/FPTU/PRJ301/PE/2025%20spring/1/PE_PRJ301/src/java/pe/utils/DBUtils.java</file>
            <file>file:/Users/hoadoan/Desktop/FPTU/PRJ301/PE/2025%20spring/1/PE_PRJ301/web/login.jsp</file>
            <file>file:/Users/hoadoan/Desktop/FPTU/PRJ301/PE/2025%20spring/1/PE_PRJ301/web/houseList.jsp</file>
            <file>file:/Users/hoadoan/Desktop/FPTU/PRJ301/PE/2025%20spring/1/PE_PRJ301/web/WEB-INF/web.xml</file>
            <file>file:/Users/hoadoan/Desktop/FPTU/PRJ301/PE/2025%20spring/1/PE_PRJ301/src/java/pe/controllers/MainController.java</file>
        </group>
    </open-files>
</project-private>
