﻿Code,Name,Price,Ingredients
PW001,Wedding party 01,3750000, Khai vị: Súp bong bóng cá; Nem rán; Gỏi hoa chuối tôm thịt #+ Món chính: Gà luộc; Bò sốt vang; Lẩu hải sản nấm#+ Tráng miệng: Bánh flan; trái cây"
PW002,Company year end party ,2085000, Khai vị: Súp gà ngô; Nộm bò rau mầm#+ Món chính: Tôm hấp bia; Bò sốt tiêu đen + bánh mì; Rau củ xào thập cẩm; Lẩu gà lá é#+ Tráng miệng: Rau câu dừa"
PW003,Birthday Party 01,1850000, Khai vị: Gỏi bò Thái Lan; Súp cua nấm tuyết; Đồ nguội (chả giò + nem chua + chả lụa + chả đùm + chả quế)#+ Món chính: Gà quay + xôi lá dứa; Bò né khổ qua; Lẩu thái#+ Tráng miệng: Sâm bổ lượng"
PW004,Wedding party 02,3550000, Khai vị: Gỏi củ hủ dừa bao tử; Đồ nguội (chạo tôm bọc mía + tôm bọc cốm chiên + chả giò hải sản + chả mực giã tay)#+ Món chính: Gà hấp hành; Mực xào chua ngọt; Cá chẽm sốt chua ngọt; Lẩu bò khoai môn#+ Tráng miệng: Bánh bông lan flan"
PW005,Birthday Party 02,2250000, Khai vị: Salad sò điệp bơ; Súp kem bí đỏ; Mực chiên xù#+ Món chính: Bò bít tết sốt vang; Gà nướng ngũ vị; Mì ý cua phô mai#+ Tráng miệng: Mousse cam"
PW006,Meeting Party,1950000, Khai vị: Súp bào ngư nấm; Nem công + chả phụng; Gỏi bò ớt chuông#+ Món chính: Gà bó xôi nguyên con; Đậu hũ hải sản giấy bạc; Lẩu uyên ương#+ Tráng miệng: Rau câu sơn thủy"
