<?xml version="1.0" encoding="UTF-8"?>
<project-private xmlns="http://www.netbeans.org/ns/project-private/1">
    <editor-bookmarks xmlns="http://www.netbeans.org/ns/editor-bookmarks/2" lastBookmarkId="0"/>
    <open-files xmlns="http://www.netbeans.org/ns/projectui-open-files/2">
        <group name="[LAB211] OOP with Java Lab">
            <file>file:/D:/GIT/java/%5BLAB211%5D%20OOP%20with%20Java%20Lab/TraditionalFeastOrderManagement/src/core/CustomerList.java</file>
            <file>file:/D:/GIT/java/%5BLAB211%5D%20OOP%20with%20Java%20Lab/TraditionalFeastOrderManagement/src/OrderManager.java</file>
            <file>file:/D:/GIT/java/%5BLAB211%5D%20OOP%20with%20Java%20Lab/TraditionalFeastOrderManagement/src/core/FeastMenuList.java</file>
            <file>file:/D:/GIT/java/%5BLAB211%5D%20OOP%20with%20Java%20Lab/TraditionalFeastOrderManagement/src/core/OrderList.java</file>
            <file>file:/D:/GIT/java/%5BLAB211%5D%20OOP%20with%20Java%20Lab/TraditionalFeastOrderManagement/src/data/FeastMenu.csv</file>
            <file>file:/D:/GIT/java/%5BLAB211%5D%20OOP%20with%20Java%20Lab/TraditionalFeastOrderManagement/src/data/customers.dat</file>
            <file>file:/D:/GIT/java/%5BLAB211%5D%20OOP%20with%20Java%20Lab/TraditionalFeastOrderManagement/src/tool/ConsoleInputter.java</file>
            <file>file:/D:/GIT/java/%5BLAB211%5D%20OOP%20with%20Java%20Lab/TraditionalFeastOrderManagement/src/data/feast_order_service.dat</file>
            <file>file:/D:/GIT/java/%5BLAB211%5D%20OOP%20with%20Java%20Lab/TraditionalFeastOrderManagement/src/Main.java</file>
            <file>file:/D:/GIT/java/%5BLAB211%5D%20OOP%20with%20Java%20Lab/TraditionalFeastOrderManagement/src/core/Order.java</file>
            <file>file:/D:/GIT/java/%5BLAB211%5D%20OOP%20with%20Java%20Lab/TraditionalFeastOrderManagement/src/core/Customer.java</file>
            <file>file:/D:/GIT/java/%5BLAB211%5D%20OOP%20with%20Java%20Lab/TraditionalFeastOrderManagement/src/core/FeastMenu.java</file>
        </group>
    </open-files>
</project-private>
