<?xml version="1.0" encoding="UTF-8"?>
<project-private xmlns="http://www.netbeans.org/ns/project-private/1">
    <editor-bookmarks xmlns="http://www.netbeans.org/ns/editor-bookmarks/2" lastBookmarkId="0"/>
    <open-files xmlns="http://www.netbeans.org/ns/projectui-open-files/2">
        <group>
            <file>file:/D:/CODE/Lab211/RoomMngPrj/src/core/Room.java</file>
            <file>file:/D:/CODE/Lab211/RoomMngPrj/src/RoomOrderManager.java</file>
            <file>file:/D:/CODE/Lab211/RoomMngPrj/src/core/Guest.java</file>
            <file>file:/D:/CODE/Lab211/RoomMngPrj/src/core/RoomList.java</file>
            <file>file:/D:/CODE/Lab211/RoomMngPrj/src/core/GuestList.java</file>
        </group>
        <group name="[LAB211] OOP with Java Lab">
            <file>file:/D:/GIT/java/%5BLAB211%5D%20OOP%20with%20Java%20Lab/RoomMngPrj/src/core/Room.java</file>
            <file>file:/D:/GIT/java/%5BLAB211%5D%20OOP%20with%20Java%20Lab/RoomMngPrj/src/core/GuestList.java</file>
            <file>file:/D:/GIT/java/%5BLAB211%5D%20OOP%20with%20Java%20Lab/RoomMngPrj/src/RoomManager.java</file>
            <file>file:/D:/GIT/java/%5BLAB211%5D%20OOP%20with%20Java%20Lab/RoomMngPrj/src/core/Guest.java</file>
            <file>file:/D:/GIT/java/%5BLAB211%5D%20OOP%20with%20Java%20Lab/RoomMngPrj/src/core/RoomList.java</file>
            <file>file:/D:/GIT/java/%5BLAB211%5D%20OOP%20with%20Java%20Lab/RoomMngPrj/src/tool/ConsoleInputter.java</file>
        </group>
    </open-files>
</project-private>
